{
	"info": {
		"_postman_id": "8b10ec31-6d20-48af-840e-5a5f9522a643",
		"name": "Seated",
		"description": "Seated API tests",
		"schema": "https://schema.getpostman.com/json/collection/v2.1.0/collection.json"
	},
	"item": [
		{
			"name": "Get arenas",
			"request": {
				"method": "GET",
				"header": [],
				"url": {
					"raw": "http://127.0.0.1:5000/arenas",
					"protocol": "http",
					"host": [
						"127",
						"0",
						"0",
						"1"
					],
					"port": "5000",
					"path": [
						"arenas"
					]
				}
			},
			"response": []
		},
		{
			"name": "POST arena",
			"request": {
				"method": "POST",
				"header": [],
				"body": {
					"mode": "raw",
					"raw": "{\r\n    \"name\":\"Raymond James Test 12345\",\r\n    \"address\":\"test test test more test\"\r\n}",
					"options": {
						"raw": {
							"language": "json"
						}
					}
				},
				"url": {
					"raw": "http://127.0.0.1:5000/arenas",
					"protocol": "http",
					"host": [
						"127",
						"0",
						"0",
						"1"
					],
					"port": "5000",
					"path": [
						"arenas"
					]
				}
			},
			"response": []
		},
		{
			"name": "GET arena by ID",
			"request": {
				"method": "GET",
				"header": [],
				"url": {
					"raw": "http://127.0.0.1:5000/arenas/1",
					"protocol": "http",
					"host": [
						"127",
						"0",
						"0",
						"1"
					],
					"port": "5000",
					"path": [
						"arenas",
						"1"
					]
				}
			},
			"response": []
		},
		{
			"name": "POST restaurant",
			"request": {
				"method": "POST",
				"header": [],
				"body": {
					"mode": "raw",
					"raw": "{\r\n    \"name\":\"PDQ\",\r\n    \"address\":\"123 drive way\",\r\n    \"arena_id\":1\r\n}",
					"options": {
						"raw": {
							"language": "json"
						}
					}
				},
				"url": {
					"raw": "http://127.0.0.1:5000/restaurants",
					"protocol": "http",
					"host": [
						"127",
						"0",
						"0",
						"1"
					],
					"port": "5000",
					"path": [
						"restaurants"
					]
				}
			},
			"response": []
		},
		{
			"name": "GET restaurants by arena ID",
			"request": {
				"method": "GET",
				"header": [],
				"url": {
					"raw": "http://127.0.0.1:5000/arenas/1/restaurants",
					"protocol": "http",
					"host": [
						"127",
						"0",
						"0",
						"1"
					],
					"port": "5000",
					"path": [
						"arenas",
						"1",
						"restaurants"
					]
				}
			},
			"response": []
		},
		{
			"name": "POST menu",
			"request": {
				"method": "POST",
				"header": [],
				"body": {
					"mode": "raw",
					"raw": "{\r\n    \"name\":\"Dinner\",\r\n    \"restaurant_id\":1\r\n}",
					"options": {
						"raw": {
							"language": "json"
						}
					}
				},
				"url": {
					"raw": "http://127.0.0.1:5000/menus/create",
					"protocol": "http",
					"host": [
						"127",
						"0",
						"0",
						"1"
					],
					"port": "5000",
					"path": [
						"menus",
						"create"
					]
				}
			},
			"response": []
		},
		{
			"name": "GET menus by restaurant_id",
			"request": {
				"method": "GET",
				"header": [],
				"url": {
					"raw": "http://127.0.0.1:5000/restaurants/1/menus",
					"protocol": "http",
					"host": [
						"127",
						"0",
						"0",
						"1"
					],
					"port": "5000",
					"path": [
						"restaurants",
						"1",
						"menus"
					]
				}
			},
			"response": []
		},
		{
			"name": "DELETE menu in a restaurant",
			"request": {
				"method": "DELETE",
				"header": [],
				"url": {
					"raw": "http://127.0.0.1:5000/menus/1",
					"protocol": "http",
					"host": [
						"127",
						"0",
						"0",
						"1"
					],
					"port": "5000",
					"path": [
						"menus",
						"1"
					]
				}
			},
			"response": []
		},
		{
			"name": "PATCH menu",
			"request": {
				"method": "PATCH",
				"header": [],
				"body": {
					"mode": "raw",
					"raw": "{\r\n    \"name\":\"Dinner for the win\"\r\n}",
					"options": {
						"raw": {
							"language": "json"
						}
					}
				},
				"url": {
					"raw": "http://127.0.0.1:5000/menus/2/edit",
					"protocol": "http",
					"host": [
						"127",
						"0",
						"0",
						"1"
					],
					"port": "5000",
					"path": [
						"menus",
						"2",
						"edit"
					]
				}
			},
			"response": []
		}
	],
	"protocolProfileBehavior": {}
}